 {
    "longtitle": "杭州名贤堂医疗门诊部",
    "shorttitle": "名贤堂门诊部",
    "company":"杭州名贤堂有限公司",
    "cphone":"0571-56078838",
    "sphone":"4007118000 8007118000",
    "weixin":"基因堂",
    "email":"jyt@dazd.cn",
    "navs": [ 
        { 
            "name":"首页",
            "dispaly":""
        },
        { 
            "name":"走进名贤堂",
            "dispaly":"",
            "lists": [
                "关于我们",
                "企业文化",
                "就诊环境",
                "加入我们"
            ]
        },
        { 
            "name":"科室导航",
            "dispaly":"",
            "lists": [
                "内科",
                "外科",
                "妇科",
                "眼科",
                "中医科",
                "超声科",
                "检验科"
            ]
        },
        { 
            "name":"专家团队",
            "dispaly":"",
            "lists": [
                "Robert C. ",
                "陈枢青",
                "祁鸣",
                "武虎林",
                "张维钧",
                "姜傥",
                "任绪义",
                "姜育燊",
                "周晓军",
                "郑    杰 ",
                "潘秦镜",
                "来茂德",
                "朱明华"
            ]
        },
        { 
            "name":"学术建设",
            "dispaly":""
        },
        { 
            "name":"新闻动态",
            "dispaly":"hide"
        },
        { 
            "name":"检测报告查询",
            "dispaly":"hide"
        }
    ]
}