 {
    "type": "homeinfo",
    "lists": [ 
        {
            "imgurl":"img/home_info_1.jpg",
            "title":"1. 新一代测序技术",
            "content": [
                "仪器：Illumina系列高通量测序平台，不仅具有高通量测序能力和台式测序仪即载即开的简便性，而且是目前唯一一款可实现外显子组、转录组和人类全基因组测序的NGS系统。",
                "原理：测序的技术原理是采用可逆性末端边合成边测序反应，首先在DNA片段两端加上序列已知的通用接头构建文库，文库加载到测序芯片Flowcell上，文库两端的已知序列与Flowcell基底上的Oligo序列互补，每条文库片段都经过桥式PCR扩增形成一个簇，测序时采用边合成边测序反应，即在碱基延伸过程中，每个循环反应只能延伸一个正确互补的碱基，根据四种不同的荧光信号确认碱基种类，保证最终的核酸序列质量，经过多个循环后，完整读取核酸序列。"]
        },
        {
            "imgurl":"img/home_info_2.jpg",
            "title":"2. CTC检测系统",
            "content": [
                "肿瘤转移是一个多阶段、多步骤的复杂过程。存在于原发瘤和转移瘤之外的肿瘤细胞统称为游离肿瘤细胞，其中进入血流的又称循环肿瘤细胞（circulatingtumorcell，CTC）。",
                "CTC检测意义<br>（1）肿瘤复发转移预测与分期<br>（2）肿瘤预后和预测的指标<br>（3）有助于个体化治疗的药物筛选和治疗方案的确定<br>（4）有助于寻找新的肿瘤标识物及开发新的抗肿瘤药物<br>（5）可能成为药效学的生物标志物<br>（6）是传统的影像学及其他生物标志物的补充检测手段<br>"
            ]
        },
        {
            "imgurl":"img/home_info_3.jpg",
            "title":"3. 数字PCR技术",
            "content": [
                "数字PCR是一种核酸分子的绝对定量技术，能够直接检测出DNA分子的个数，是对起始样品的绝对定量。其原理是将一个包含荧光标志物的PCR反应体系分成成千上万份微小液滴，使每个反应槽中不含或者只含有一个拷贝目标分子，扩增后检测每个微反应的荧光信号，通过荧光信号的读值来反应目标分子的扩增，根据泊松分布原理及阳性微滴的个数与比例即可得出靶分子的起始拷贝数，达到绝对定量的目的。",
                "与荧光定量PCR最大的不同在于，数字PCR不依赖于CT值，不需要对照标准样本标准曲线来实现绝对定量分析。该技术提出至今只有十几年时间，但是由于其独特的技术优势和应用前景，使得其产业化发展相当迅速。目前已应用于癌症及感染性疾病的早期诊断、单细胞分析、产前诊断、个性化医疗以及各种细菌病毒的核酸检验等项目上。"
            ]
        },
        {
            "imgurl":"img/home_info_4.jpg",
            "title":"4. 扩增阻滞突变系统（ARMS）",
            "content": [
                "ARMS利用PCR引物的3’端末位碱基必须与其模板DNA互补才能有效扩增的原理，设计等位基因特异性 PCR扩增引物，在严格的条件下，只有在引物3’碱基与模板配对时才能出现PCR扩增带，从而检测出突变。"
            ]
        },
        {
            "imgurl":"img/home_info_5.jpg",
            "title":"5. FISH技术",
            "content": [
                "主要是利用DNA序列的互补性，通过荧光标记的DNA探针与预处理的待测样本的DNA进行原位杂交，在荧光显微镜下，对荧光信号进行辨别和计数，即可对细胞、组织样本中的染色体或基因异常进行检测和诊断。"
            ]
        }
    ]
}